Player_ID,Player_Name,Country,Role,Age
1,Player_0001,Sri Lanka,Bowler,33
2,Player_0002,South Africa,All-Rounder,30
3,Player_0003,New Zealand,Batter,34
4,Player_0004,Sri Lanka,Batter,37
5,Player_0005,England,Batter,26
6,Player_0006,Bangladesh,Batter,35
7,Player_0007,New Zealand,Wicketkeeper,23
8,Player_0008,New Zealand,Batter,34
9,Player_0009,Sri Lanka,Wicketkeeper,24
10,Player_0010,Australia,Wicketkeeper,26
11,Player_0011,England,Batter,36
12,Player_0012,Sri Lanka,Batter,30
13,Player_0013,England,Bowler,33
14,Player_0014,England,All-Rounder,27
15,Player_0015,Bangladesh,Batter,31
16,Player_0016,New Zealand,Bowler,33
17,Player_0017,South Africa,Bowler,28
18,Player_0018,Bangladesh,All-Rounder,34
19,Player_0019,Bangladesh,Wicketkeeper,25
20,Player_0020,England,Batter,35
21,Player_0021,Pakistan,All-Rounder,25
22,Player_0022,New Zealand,Batter,32
23,Player_0023,Australia,Bowler,33
24,Player_0024,Bangladesh,Bowler,25
25,Player_0025,South Africa,Wicketkeeper,27
26,Player_0026,Pakistan,Bowler,37
27,Player_0027,Pakistan,Bowler,34
28,Player_0028,Australia,All-Rounder,26
29,Player_0029,Bangladesh,Batter,36
30,Player_0030,South Africa,Batter,36
31,Player_0031,New Zealand,All-Rounder,25
32,Player_0032,India,Wicketkeeper,21
33,Player_0033,South Africa,Batter,36
34,Player_0034,Australia,Bowler,28
35,Player_0035,Pakistan,Batter,25
36,Player_0036,New Zealand,Bowler,35
37,Player_0037,South Africa,Wicketkeeper,32
38,Player_0038,India,All-Rounder,21
39,Player_0039,India,Batter,30
40,Player_0040,England,All-Rounder,31
41,Player_0041,England,Batter,20
42,Player_0042,Sri Lanka,Bowler,21
43,Player_0043,Australia,All-Rounder,23
44,Player_0044,Bangladesh,Batter,29
45,Player_0045,South Africa,Bowler,26
46,Player_0046,South Africa,All-Rounder,30
47,Player_0047,Bangladesh,All-Rounder,25
48,Player_0048,Sri Lanka,Batter,33
49,Player_0049,Pakistan,Batter,35
50,Player_0050,Pakistan,Batter,22
51,Player_0051,Sri Lanka,Bowler,31
52,Player_0052,Pakistan,Batter,36
53,Player_0053,England,All-Rounder,19
54,Player_0054,South Africa,All-Rounder,34
55,Player_0055,Sri Lanka,Batter,31
56,Player_0056,South Africa,Batter,28
57,Player_0057,Bangladesh,Wicketkeeper,30
58,Player_0058,India,All-Rounder,20
59,Player_0059,England,Bowler,21
60,Player_0060,New Zealand,Wicketkeeper,28
61,Player_0061,England,Batter,20
62,Player_0062,Sri Lanka,Batter,31
63,Player_0063,New Zealand,All-Rounder,31
64,Player_0064,India,Batter,36
65,Player_0065,Sri Lanka,Bowler,21
66,Player_0066,Australia,All-Rounder,25
67,Player_0067,South Africa,Batter,32
68,Player_0068,India,All-Rounder,35
69,Player_0069,South Africa,Batter,30
70,Player_0070,Pakistan,Batter,34
71,Player_0071,Australia,Batter,30
72,Player_0072,Australia,Bowler,33
73,Player_0073,India,Bowler,28
74,Player_0074,Australia,All-Rounder,25
75,Player_0075,New Zealand,Batter,23
76,Player_0076,Australia,Batter,19
77,Player_0077,South Africa,Bowler,35
78,Player_0078,South Africa,Batter,21
79,Player_0079,Sri Lanka,Bowler,31
80,Player_0080,South Africa,Batter,32
81,Player_0081,Sri Lanka,All-Rounder,36
82,Player_0082,South Africa,Batter,22
83,Player_0083,New Zealand,Batter,36
84,Player_0084,Bangladesh,Wicketkeeper,23
85,Player_0085,Sri Lanka,Bowler,34
86,Player_0086,England,Batter,19
87,Player_0087,Pakistan,Batter,32
88,Player_0088,India,Wicketkeeper,33
89,Player_0089,South Africa,Wicketkeeper,27
90,Player_0090,Australia,Bowler,33
91,Player_0091,Bangladesh,Wicketkeeper,35
92,Player_0092,South Africa,All-Rounder,22
93,Player_0093,Australia,Wicketkeeper,30
94,Player_0094,Pakistan,All-Rounder,23
95,Player_0095,Pakistan,Bowler,23
96,Player_0096,Pakistan,Bowler,29
97,Player_0097,Australia,Bowler,24
98,Player_0098,South Africa,Bowler,25
99,Player_0099,Pakistan,Bowler,32
100,Player_0100,New Zealand,All-Rounder,29
101,Player_0101,Sri Lanka,All-Rounder,31
102,Player_0102,Australia,Bowler,20
103,Player_0103,Australia,Wicketkeeper,25
104,Player_0104,South Africa,Batter,22
105,Player_0105,Australia,Bowler,26
106,Player_0106,Australia,Wicketkeeper,37
107,Player_0107,Pakistan,Batter,31
108,Player_0108,South Africa,Bowler,32
109,Player_0109,Pakistan,Bowler,28
110,Player_0110,Sri Lanka,All-Rounder,29
111,Player_0111,Bangladesh,Batter,20
112,Player_0112,Sri Lanka,Batter,27
113,Player_0113,Bangladesh,Wicketkeeper,35
114,Player_0114,Pakistan,All-Rounder,21
115,Player_0115,Sri Lanka,All-Rounder,24
116,Player_0116,South Africa,All-Rounder,23
117,Player_0117,India,All-Rounder,23
118,Player_0118,Pakistan,Batter,33
119,Player_0119,Bangladesh,Batter,35
120,Player_0120,New Zealand,Bowler,27
121,Player_0121,Bangladesh,Bowler,21
122,Player_0122,New Zealand,All-Rounder,35
123,Player_0123,Australia,All-Rounder,28
124,Player_0124,Sri Lanka,All-Rounder,21
125,Player_0125,New Zealand,Bowler,36
126,Player_0126,Bangladesh,Wicketkeeper,36
127,Player_0127,Australia,Wicketkeeper,35
128,Player_0128,India,Bowler,21
129,Player_0129,South Africa,Bowler,21
130,Player_0130,South Africa,Bowler,24
131,Player_0131,South Africa,Bowler,31
132,Player_0132,New Zealand,Bowler,33
133,Player_0133,India,Bowler,27
134,Player_0134,New Zealand,All-Rounder,22
135,Player_0135,Sri Lanka,All-Rounder,32
136,Player_0136,New Zealand,All-Rounder,23
137,Player_0137,India,All-Rounder,20
138,Player_0138,India,Bowler,29
139,Player_0139,Sri Lanka,Wicketkeeper,27
140,Player_0140,India,Batter,21
141,Player_0141,Bangladesh,Bowler,27
142,Player_0142,India,Batter,21
143,Player_0143,South Africa,Wicketkeeper,20
144,Player_0144,Bangladesh,All-Rounder,30
145,Player_0145,Bangladesh,Wicketkeeper,28
146,Player_0146,Sri Lanka,Bowler,27
147,Player_0147,England,All-Rounder,33
148,Player_0148,England,Bowler,26
149,Player_0149,India,All-Rounder,23
150,Player_0150,Bangladesh,Batter,29
151,Player_0151,England,Batter,20
152,Player_0152,England,Batter,33
153,Player_0153,India,Wicketkeeper,24
154,Player_0154,England,Bowler,26
155,Player_0155,New Zealand,Wicketkeeper,23
156,Player_0156,Australia,Batter,34
157,Player_0157,Sri Lanka,Bowler,36
158,Player_0158,Australia,Batter,24
159,Player_0159,India,Wicketkeeper,23
160,Player_0160,South Africa,Wicketkeeper,34
161,Player_0161,Sri Lanka,Wicketkeeper,31
162,Player_0162,India,Batter,23
163,Player_0163,Bangladesh,Bowler,31
164,Player_0164,South Africa,Bowler,35
165,Player_0165,Australia,Batter,36
166,Player_0166,India,Bowler,26
167,Player_0167,Bangladesh,Batter,31
168,Player_0168,Sri Lanka,Bowler,37
169,Player_0169,Sri Lanka,All-Rounder,21
170,Player_0170,Pakistan,All-Rounder,26
171,Player_0171,Bangladesh,Wicketkeeper,20
172,Player_0172,New Zealand,All-Rounder,26
173,Player_0173,England,All-Rounder,31
174,Player_0174,South Africa,All-Rounder,31
175,Player_0175,Bangladesh,Batter,19
176,Player_0176,Pakistan,All-Rounder,24
177,Player_0177,England,All-Rounder,37
178,Player_0178,England,Wicketkeeper,34
179,Player_0179,India,All-Rounder,26
180,Player_0180,England,All-Rounder,19
181,Player_0181,New Zealand,Bowler,34
182,Player_0182,Sri Lanka,Wicketkeeper,27
183,Player_0183,Pakistan,Wicketkeeper,31
184,Player_0184,England,Wicketkeeper,29
185,Player_0185,India,Wicketkeeper,31
186,Player_0186,New Zealand,Wicketkeeper,28
187,Player_0187,Australia,Wicketkeeper,22
188,Player_0188,Sri Lanka,Batter,24
189,Player_0189,Sri Lanka,All-Rounder,25
190,Player_0190,Pakistan,Wicketkeeper,23
191,Player_0191,Sri Lanka,All-Rounder,29
192,Player_0192,England,All-Rounder,31
193,Player_0193,India,Batter,37
194,Player_0194,Sri Lanka,Wicketkeeper,28
195,Player_0195,Sri Lanka,Bowler,28
196,Player_0196,Australia,Batter,29
197,Player_0197,Australia,Bowler,25
198,Player_0198,South Africa,All-Rounder,36
199,Player_0199,New Zealand,All-Rounder,22
200,Player_0200,England,Batter,20
201,Player_0201,Sri Lanka,Batter,32
202,Player_0202,Bangladesh,Bowler,31
203,Player_0203,Sri Lanka,Wicketkeeper,30
204,Player_0204,India,Bowler,25
205,Player_0205,South Africa,Batter,20
206,Player_0206,New Zealand,Bowler,31
207,Player_0207,Bangladesh,Batter,32
208,Player_0208,South Africa,Bowler,35
209,Player_0209,Pakistan,Batter,27
210,Player_0210,New Zealand,Batter,35
211,Player_0211,Sri Lanka,Batter,26
212,Player_0212,Sri Lanka,Wicketkeeper,20
213,Player_0213,New Zealand,Bowler,31
214,Player_0214,Sri Lanka,Bowler,21
215,Player_0215,England,Bowler,34
216,Player_0216,New Zealand,Batter,24
217,Player_0217,South Africa,Bowler,37
218,Player_0218,New Zealand,Bowler,25
219,Player_0219,Bangladesh,Batter,28
220,Player_0220,Sri Lanka,All-Rounder,27
221,Player_0221,England,Batter,20
222,Player_0222,England,Bowler,33
223,Player_0223,Pakistan,Batter,23
224,Player_0224,South Africa,All-Rounder,22
225,Player_0225,Australia,Batter,22
226,Player_0226,Australia,Bowler,36
227,Player_0227,New Zealand,All-Rounder,22
228,Player_0228,Pakistan,Wicketkeeper,35
229,Player_0229,India,Bowler,30
230,Player_0230,New Zealand,All-Rounder,35
231,Player_0231,Pakistan,All-Rounder,28
232,Player_0232,South Africa,Wicketkeeper,19
233,Player_0233,South Africa,Batter,36
234,Player_0234,South Africa,Batter,36
235,Player_0235,South Africa,Bowler,32
236,Player_0236,South Africa,Wicketkeeper,33
237,Player_0237,Pakistan,Batter,30
238,Player_0238,Pakistan,Wicketkeeper,22
239,Player_0239,England,Batter,21
240,Player_0240,Bangladesh,All-Rounder,30
241,Player_0241,Australia,Batter,25
242,Player_0242,Sri Lanka,Wicketkeeper,29
243,Player_0243,South Africa,All-Rounder,19
244,Player_0244,India,All-Rounder,24
245,Player_0245,Sri Lanka,All-Rounder,33
246,Player_0246,Pakistan,Wicketkeeper,33
247,Player_0247,India,Bowler,37
248,Player_0248,India,Bowler,29
249,Player_0249,India,Bowler,20
250,Player_0250,England,Wicketkeeper,32
251,Player_0251,Pakistan,All-Rounder,20
252,Player_0252,India,Bowler,22
253,Player_0253,South Africa,Wicketkeeper,35
254,Player_0254,New Zealand,Bowler,21
255,Player_0255,India,Batter,31
256,Player_0256,England,Bowler,27
257,Player_0257,Sri Lanka,Bowler,25
258,Player_0258,Pakistan,All-Rounder,33
259,Player_0259,Bangladesh,Wicketkeeper,29
260,Player_0260,England,All-Rounder,20
261,Player_0261,India,All-Rounder,33
262,Player_0262,Pakistan,All-Rounder,32
263,Player_0263,New Zealand,All-Rounder,29
264,Player_0264,India,All-Rounder,21
265,Player_0265,England,Bowler,35
266,Player_0266,Australia,All-Rounder,30
267,Player_0267,South Africa,All-Rounder,33
268,Player_0268,Bangladesh,Wicketkeeper,34
269,Player_0269,Sri Lanka,Batter,23
270,Player_0270,England,Bowler,24
271,Player_0271,Pakistan,Bowler,37
272,Player_0272,Bangladesh,Bowler,23
273,Player_0273,Bangladesh,All-Rounder,21
274,Player_0274,Bangladesh,All-Rounder,19
275,Player_0275,India,All-Rounder,24
276,Player_0276,South Africa,Wicketkeeper,33
277,Player_0277,India,Batter,20
278,Player_0278,Pakistan,All-Rounder,21
279,Player_0279,India,Batter,35
280,Player_0280,Australia,Wicketkeeper,30
281,Player_0281,South Africa,Bowler,36
282,Player_0282,South Africa,All-Rounder,33
283,Player_0283,Pakistan,Batter,30
284,Player_0284,Sri Lanka,Batter,34
285,Player_0285,Australia,All-Rounder,26
286,Player_0286,England,Bowler,32
287,Player_0287,India,Bowler,35
288,Player_0288,New Zealand,Bowler,26
289,Player_0289,India,Wicketkeeper,33
290,Player_0290,Bangladesh,Batter,32
291,Player_0291,India,Batter,36
292,Player_0292,England,Batter,25
293,Player_0293,India,Wicketkeeper,21
294,Player_0294,Australia,Batter,30
295,Player_0295,Australia,Wicketkeeper,21
296,Player_0296,South Africa,Bowler,32
297,Player_0297,Pakistan,All-Rounder,33
298,Player_0298,Sri Lanka,Batter,32
299,Player_0299,New Zealand,Batter,25
300,Player_0300,Bangladesh,Bowler,35
301,Player_0301,India,All-Rounder,30
302,Player_0302,India,Wicketkeeper,22
303,Player_0303,England,All-Rounder,27
304,Player_0304,Pakistan,Bowler,24
305,Player_0305,Australia,Bowler,34
306,Player_0306,New Zealand,All-Rounder,20
307,Player_0307,South Africa,Wicketkeeper,26
308,Player_0308,Australia,Wicketkeeper,29
309,Player_0309,Bangladesh,Batter,31
310,Player_0310,Pakistan,Wicketkeeper,35
311,Player_0311,Bangladesh,All-Rounder,26
312,Player_0312,Sri Lanka,Bowler,36
313,Player_0313,South Africa,Batter,36
314,Player_0314,Sri Lanka,Batter,32
315,Player_0315,England,Bowler,33
316,Player_0316,Bangladesh,Wicketkeeper,24
317,Player_0317,England,Bowler,29
318,Player_0318,India,Wicketkeeper,31
319,Player_0319,Sri Lanka,Bowler,19
320,Player_0320,Pakistan,All-Rounder,24
321,Player_0321,Bangladesh,Wicketkeeper,27
322,Player_0322,New Zealand,All-Rounder,26
323,Player_0323,South Africa,Batter,29
324,Player_0324,Australia,Bowler,37
325,Player_0325,Pakistan,Batter,27
326,Player_0326,Pakistan,Batter,35
327,Player_0327,England,Batter,30
328,Player_0328,Sri Lanka,Batter,32
329,Player_0329,Bangladesh,Bowler,33
330,Player_0330,Bangladesh,Batter,34
331,Player_0331,India,Bowler,19
332,Player_0332,India,Bowler,28
333,Player_0333,South Africa,All-Rounder,26
334,Player_0334,England,Wicketkeeper,36
335,Player_0335,Pakistan,Wicketkeeper,19
336,Player_0336,Bangladesh,Bowler,20
337,Player_0337,New Zealand,All-Rounder,19
338,Player_0338,England,Bowler,19
339,Player_0339,South Africa,Bowler,27
340,Player_0340,South Africa,Bowler,31
341,Player_0341,England,All-Rounder,19
342,Player_0342,South Africa,Wicketkeeper,31
343,Player_0343,England,All-Rounder,25
344,Player_0344,Australia,Batter,20
345,Player_0345,England,All-Rounder,24
346,Player_0346,Sri Lanka,All-Rounder,25
347,Player_0347,England,All-Rounder,32
348,Player_0348,South Africa,All-Rounder,36
349,Player_0349,Bangladesh,Wicketkeeper,33
350,Player_0350,Sri Lanka,Batter,20
351,Player_0351,South Africa,Wicketkeeper,28
352,Player_0352,India,Wicketkeeper,30
353,Player_0353,India,All-Rounder,35
354,Player_0354,Bangladesh,Bowler,26
355,Player_0355,Bangladesh,Bowler,29
356,Player_0356,Sri Lanka,Wicketkeeper,21
357,Player_0357,Australia,Wicketkeeper,24
358,Player_0358,Bangladesh,All-Rounder,27
359,Player_0359,India,Wicketkeeper,24
360,Player_0360,England,All-Rounder,27
361,Player_0361,South Africa,Bowler,25
362,Player_0362,India,Bowler,27
363,Player_0363,India,Batter,36
364,Player_0364,Australia,Bowler,30
365,Player_0365,Sri Lanka,Wicketkeeper,26
366,Player_0366,Sri Lanka,Bowler,26
367,Player_0367,Pakistan,All-Rounder,36
368,Player_0368,Australia,Bowler,33
369,Player_0369,England,Batter,25
370,Player_0370,Sri Lanka,Bowler,29
371,Player_0371,South Africa,All-Rounder,34
372,Player_0372,Bangladesh,All-Rounder,22
373,Player_0373,Australia,Wicketkeeper,24
374,Player_0374,Bangladesh,Bowler,21
375,Player_0375,India,All-Rounder,27
376,Player_0376,South Africa,Batter,28
377,Player_0377,South Africa,Wicketkeeper,32
378,Player_0378,India,Batter,29
379,Player_0379,Australia,Bowler,36
380,Player_0380,India,Bowler,30
381,Player_0381,Bangladesh,Bowler,30
382,Player_0382,Pakistan,Wicketkeeper,31
383,Player_0383,South Africa,All-Rounder,31
384,Player_0384,New Zealand,Wicketkeeper,37
385,Player_0385,New Zealand,Batter,37
386,Player_0386,Bangladesh,Wicketkeeper,32
387,Player_0387,England,Batter,22
388,Player_0388,Sri Lanka,Wicketkeeper,31
389,Player_0389,India,All-Rounder,26
390,Player_0390,India,Batter,37
391,Player_0391,England,Bowler,30
392,Player_0392,England,Bowler,36
393,Player_0393,Bangladesh,Wicketkeeper,24
394,Player_0394,Bangladesh,Bowler,36
395,Player_0395,England,Batter,37
396,Player_0396,South Africa,Bowler,23
397,Player_0397,Bangladesh,All-Rounder,27
398,Player_0398,Pakistan,All-Rounder,21
399,Player_0399,Bangladesh,Wicketkeeper,28
400,Player_0400,India,Batter,37
401,Player_0401,Bangladesh,All-Rounder,21
402,Player_0402,South Africa,All-Rounder,33
403,Player_0403,England,Batter,19
404,Player_0404,India,Bowler,25
405,Player_0405,Bangladesh,Bowler,30
406,Player_0406,South Africa,Wicketkeeper,35
407,Player_0407,Pakistan,Bowler,23
408,Player_0408,Bangladesh,Batter,22
409,Player_0409,South Africa,All-Rounder,30
410,Player_0410,Pakistan,Bowler,36
411,Player_0411,England,Wicketkeeper,35
412,Player_0412,Bangladesh,Bowler,37
413,Player_0413,Pakistan,Batter,27
414,Player_0414,India,Wicketkeeper,22
415,Player_0415,England,Bowler,20
416,Player_0416,India,Wicketkeeper,22
417,Player_0417,New Zealand,Batter,20
418,Player_0418,Australia,All-Rounder,33
419,Player_0419,Bangladesh,Batter,20
420,Player_0420,Pakistan,Batter,22
421,Player_0421,Australia,Batter,24
422,Player_0422,Australia,Batter,25
423,Player_0423,Pakistan,All-Rounder,28
424,Player_0424,England,All-Rounder,37
425,Player_0425,Bangladesh,Wicketkeeper,37
426,Player_0426,New Zealand,Bowler,30
427,Player_0427,India,All-Rounder,21
428,Player_0428,South Africa,All-Rounder,31
429,Player_0429,India,Bowler,36
430,Player_0430,South Africa,All-Rounder,26
431,Player_0431,India,Batter,33
432,Player_0432,Pakistan,Batter,19
433,Player_0433,New Zealand,Bowler,21
434,Player_0434,Bangladesh,Wicketkeeper,26
435,Player_0435,South Africa,Wicketkeeper,22
436,Player_0436,Bangladesh,Bowler,34
437,Player_0437,Bangladesh,Bowler,28
438,Player_0438,Bangladesh,Batter,30
439,Player_0439,Sri Lanka,Wicketkeeper,32
440,Player_0440,England,All-Rounder,32
441,Player_0441,India,Batter,20
442,Player_0442,Bangladesh,Bowler,23
443,Player_0443,India,Wicketkeeper,23
444,Player_0444,Bangladesh,All-Rounder,24
445,Player_0445,South Africa,All-Rounder,31
446,Player_0446,England,Batter,27
447,Player_0447,England,Wicketkeeper,33
448,Player_0448,Pakistan,Wicketkeeper,32
449,Player_0449,Sri Lanka,Bowler,25
450,Player_0450,Pakistan,Wicketkeeper,20
451,Player_0451,Pakistan,Wicketkeeper,25
452,Player_0452,Pakistan,Batter,24
453,Player_0453,Pakistan,Wicketkeeper,35
454,Player_0454,Pakistan,All-Rounder,20
455,Player_0455,New Zealand,Batter,21
456,Player_0456,England,Batter,23
457,Player_0457,Pakistan,Bowler,23
458,Player_0458,Bangladesh,Wicketkeeper,19
459,Player_0459,England,Bowler,26
460,Player_0460,England,All-Rounder,30
461,Player_0461,Australia,Batter,22
462,Player_0462,New Zealand,Batter,31
463,Player_0463,Pakistan,Batter,33
464,Player_0464,India,All-Rounder,29
465,Player_0465,South Africa,All-Rounder,28
466,Player_0466,Sri Lanka,Bowler,21
467,Player_0467,Bangladesh,Bowler,32
468,Player_0468,India,Bowler,34
469,Player_0469,New Zealand,Wicketkeeper,28
470,Player_0470,South Africa,Batter,28
471,Player_0471,New Zealand,Batter,30
472,Player_0472,Bangladesh,Bowler,27
473,Player_0473,England,Batter,19
474,Player_0474,South Africa,Bowler,23
475,Player_0475,England,Wicketkeeper,26
476,Player_0476,Bangladesh,Wicketkeeper,29
477,Player_0477,India,All-Rounder,30
478,Player_0478,Bangladesh,Wicketkeeper,19
479,Player_0479,India,Bowler,29
480,Player_0480,South Africa,Wicketkeeper,23
481,Player_0481,South Africa,All-Rounder,33
482,Player_0482,Pakistan,Batter,23
483,Player_0483,New Zealand,Bowler,30
484,Player_0484,Pakistan,Batter,23
485,Player_0485,New Zealand,All-Rounder,35
486,Player_0486,Pakistan,All-Rounder,35
487,Player_0487,England,All-Rounder,30
488,Player_0488,South Africa,Batter,33
489,Player_0489,India,Batter,33
490,Player_0490,New Zealand,Batter,24
491,Player_0491,Bangladesh,Batter,30
492,Player_0492,New Zealand,All-Rounder,36
493,Player_0493,India,All-Rounder,32
494,Player_0494,Pakistan,Bowler,20
495,Player_0495,New Zealand,Bowler,27
496,Player_0496,Sri Lanka,Batter,23
497,Player_0497,England,Wicketkeeper,19
498,Player_0498,South Africa,Wicketkeeper,21
499,Player_0499,India,All-Rounder,24
500,Player_0500,South Africa,All-Rounder,23
501,Player_0501,Sri Lanka,All-Rounder,23
502,Player_0502,New Zealand,Bowler,19
503,Player_0503,New Zealand,Bowler,35
504,Player_0504,Bangladesh,All-Rounder,37
505,Player_0505,Sri Lanka,All-Rounder,32
506,Player_0506,India,All-Rounder,30
507,Player_0507,Bangladesh,Wicketkeeper,28
508,Player_0508,England,Bowler,36
509,Player_0509,Bangladesh,Wicketkeeper,29
510,Player_0510,Australia,Wicketkeeper,20
511,Player_0511,India,All-Rounder,36
512,Player_0512,Australia,All-Rounder,25
513,Player_0513,Sri Lanka,Batter,33
514,Player_0514,Pakistan,Batter,29
515,Player_0515,Australia,Wicketkeeper,36
516,Player_0516,England,Bowler,30
517,Player_0517,Bangladesh,All-Rounder,24
518,Player_0518,Pakistan,All-Rounder,31
519,Player_0519,Bangladesh,Wicketkeeper,34
520,Player_0520,Australia,Batter,36
521,Player_0521,Bangladesh,Bowler,28
522,Player_0522,Sri Lanka,Batter,26
523,Player_0523,Pakistan,Batter,36
524,Player_0524,Sri Lanka,Batter,19
525,Player_0525,Australia,Batter,26
526,Player_0526,Sri Lanka,All-Rounder,24
527,Player_0527,England,All-Rounder,23
528,Player_0528,Australia,Batter,33
529,Player_0529,Australia,Bowler,33
530,Player_0530,Australia,Wicketkeeper,20
531,Player_0531,India,Bowler,19
532,Player_0532,Bangladesh,Bowler,29
533,Player_0533,India,Bowler,28
534,Player_0534,India,Batter,36
535,Player_0535,England,All-Rounder,36
536,Player_0536,Pakistan,Bowler,35
537,Player_0537,Bangladesh,Batter,26
538,Player_0538,Sri Lanka,Bowler,33
539,Player_0539,New Zealand,Bowler,26
540,Player_0540,Australia,Batter,35
541,Player_0541,Sri Lanka,All-Rounder,30
542,Player_0542,Australia,All-Rounder,26
543,Player_0543,England,Wicketkeeper,32
544,Player_0544,Australia,Batter,22
545,Player_0545,India,Wicketkeeper,19
546,Player_0546,Bangladesh,Wicketkeeper,19
547,Player_0547,New Zealand,Wicketkeeper,37
548,Player_0548,South Africa,All-Rounder,34
549,Player_0549,Australia,Batter,32
550,Player_0550,Sri Lanka,Wicketkeeper,34
551,Player_0551,India,Batter,23
552,Player_0552,South Africa,Batter,27
553,Player_0553,New Zealand,All-Rounder,20
554,Player_0554,South Africa,Wicketkeeper,36
555,Player_0555,India,Wicketkeeper,24
556,Player_0556,Bangladesh,Batter,27
557,Player_0557,Bangladesh,Bowler,19
558,Player_0558,Pakistan,All-Rounder,27
559,Player_0559,Bangladesh,All-Rounder,34
560,Player_0560,Pakistan,All-Rounder,31
561,Player_0561,South Africa,All-Rounder,27
562,Player_0562,England,Wicketkeeper,31
563,Player_0563,Sri Lanka,Wicketkeeper,27
564,Player_0564,Sri Lanka,Bowler,29
565,Player_0565,South Africa,All-Rounder,22
566,Player_0566,Australia,All-Rounder,20
567,Player_0567,Australia,Batter,24
568,Player_0568,Bangladesh,Wicketkeeper,32
569,Player_0569,Sri Lanka,All-Rounder,22
570,Player_0570,Sri Lanka,Bowler,24
571,Player_0571,Pakistan,Bowler,37
572,Player_0572,England,Wicketkeeper,24
573,Player_0573,India,Bowler,20
574,Player_0574,Australia,Bowler,36
575,Player_0575,Sri Lanka,Wicketkeeper,31
576,Player_0576,Pakistan,All-Rounder,27
577,Player_0577,New Zealand,All-Rounder,37
578,Player_0578,Pakistan,Bowler,31
579,Player_0579,Australia,Bowler,29
580,Player_0580,Australia,All-Rounder,19
581,Player_0581,Pakistan,Wicketkeeper,25
582,Player_0582,India,Bowler,33
583,Player_0583,South Africa,Batter,19
584,Player_0584,Australia,Wicketkeeper,30
585,Player_0585,Pakistan,Bowler,25
586,Player_0586,Sri Lanka,Bowler,33
587,Player_0587,Pakistan,Batter,37
588,Player_0588,England,Batter,19
589,Player_0589,South Africa,All-Rounder,35
590,Player_0590,New Zealand,Wicketkeeper,35
591,Player_0591,India,Wicketkeeper,21
592,Player_0592,Bangladesh,All-Rounder,30
593,Player_0593,New Zealand,Wicketkeeper,24
594,Player_0594,South Africa,Wicketkeeper,29
595,Player_0595,South Africa,Wicketkeeper,21
596,Player_0596,South Africa,Wicketkeeper,26
597,Player_0597,New Zealand,Wicketkeeper,32
598,Player_0598,Sri Lanka,Batter,32
599,Player_0599,South Africa,Wicketkeeper,28
600,Player_0600,Pakistan,Batter,20
601,Player_0601,New Zealand,Wicketkeeper,32
602,Player_0602,Bangladesh,All-Rounder,27
603,Player_0603,South Africa,Bowler,21
604,Player_0604,Pakistan,Batter,26
605,Player_0605,Sri Lanka,Wicketkeeper,34
606,Player_0606,England,All-Rounder,20
607,Player_0607,Sri Lanka,Bowler,24
608,Player_0608,Bangladesh,Batter,30
609,Player_0609,South Africa,Bowler,23
610,Player_0610,Bangladesh,All-Rounder,20
611,Player_0611,New Zealand,Batter,34
612,Player_0612,Australia,Bowler,23
613,Player_0613,South Africa,Wicketkeeper,33
614,Player_0614,Australia,Batter,30
615,Player_0615,Pakistan,Bowler,22
616,Player_0616,England,All-Rounder,33
617,Player_0617,India,All-Rounder,29
618,Player_0618,Bangladesh,Batter,34
619,Player_0619,Sri Lanka,Bowler,24
620,Player_0620,England,Batter,32
621,Player_0621,South Africa,Batter,36
622,Player_0622,Australia,Bowler,30
623,Player_0623,Sri Lanka,Bowler,29
624,Player_0624,Australia,Wicketkeeper,31
625,Player_0625,New Zealand,Bowler,29
626,Player_0626,Australia,All-Rounder,34
627,Player_0627,New Zealand,Batter,33
628,Player_0628,Pakistan,Batter,33
629,Player_0629,Sri Lanka,All-Rounder,22
630,Player_0630,Sri Lanka,Bowler,29
631,Player_0631,India,All-Rounder,37
632,Player_0632,South Africa,All-Rounder,33
633,Player_0633,New Zealand,Wicketkeeper,22
634,Player_0634,India,All-Rounder,31
635,Player_0635,Australia,Batter,37
636,Player_0636,Australia,All-Rounder,20
637,Player_0637,India,Batter,32
638,Player_0638,Sri Lanka,Batter,22
639,Player_0639,Australia,Batter,34
640,Player_0640,Bangladesh,Bowler,32
641,Player_0641,Pakistan,Wicketkeeper,33
642,Player_0642,Pakistan,Batter,21
643,Player_0643,Bangladesh,Batter,26
644,Player_0644,India,Bowler,34
645,Player_0645,Bangladesh,Batter,28
646,Player_0646,New Zealand,All-Rounder,22
647,Player_0647,New Zealand,All-Rounder,36
648,Player_0648,India,Wicketkeeper,20
649,Player_0649,Bangladesh,Batter,35
650,Player_0650,New Zealand,Bowler,31
651,Player_0651,Sri Lanka,All-Rounder,22
652,Player_0652,Bangladesh,Bowler,29
653,Player_0653,Sri Lanka,Bowler,25
654,Player_0654,New Zealand,All-Rounder,30
655,Player_0655,Pakistan,Bowler,28
656,Player_0656,New Zealand,All-Rounder,25
657,Player_0657,Sri Lanka,Bowler,31
658,Player_0658,England,All-Rounder,25
659,Player_0659,South Africa,Batter,35
660,Player_0660,Australia,Wicketkeeper,28
661,Player_0661,Bangladesh,All-Rounder,28
662,Player_0662,England,All-Rounder,22
663,Player_0663,New Zealand,Wicketkeeper,22
664,Player_0664,Pakistan,All-Rounder,25
665,Player_0665,India,All-Rounder,19
666,Player_0666,New Zealand,Bowler,30
667,Player_0667,Pakistan,Wicketkeeper,31
668,Player_0668,South Africa,Batter,28
669,Player_0669,New Zealand,All-Rounder,33
670,Player_0670,Sri Lanka,Wicketkeeper,31
671,Player_0671,India,Bowler,27
672,Player_0672,Pakistan,Batter,27
673,Player_0673,Pakistan,Wicketkeeper,33
674,Player_0674,Pakistan,Batter,28
675,Player_0675,South Africa,Batter,28
676,Player_0676,New Zealand,Batter,26
677,Player_0677,South Africa,All-Rounder,34
678,Player_0678,Bangladesh,All-Rounder,35
679,Player_0679,Australia,Bowler,23
680,Player_0680,Australia,Bowler,22
681,Player_0681,Bangladesh,Wicketkeeper,36
682,Player_0682,New Zealand,Bowler,37
683,Player_0683,Sri Lanka,Batter,22
684,Player_0684,South Africa,Batter,25
685,Player_0685,India,All-Rounder,28
686,Player_0686,Pakistan,Batter,36
687,Player_0687,Pakistan,Wicketkeeper,37
688,Player_0688,New Zealand,Batter,22
689,Player_0689,Sri Lanka,Batter,28
690,Player_0690,Australia,Wicketkeeper,19
691,Player_0691,Australia,Bowler,36
692,Player_0692,Pakistan,Bowler,23
693,Player_0693,New Zealand,Wicketkeeper,33
694,Player_0694,South Africa,All-Rounder,35
695,Player_0695,Australia,Batter,21
696,Player_0696,South Africa,Wicketkeeper,30
697,Player_0697,Sri Lanka,Batter,20
698,Player_0698,Australia,All-Rounder,19
699,Player_0699,Australia,Batter,35
700,Player_0700,England,Wicketkeeper,34
701,Player_0701,Australia,Batter,23
702,Player_0702,Bangladesh,Bowler,33
703,Player_0703,India,All-Rounder,21
704,Player_0704,Bangladesh,All-Rounder,25
705,Player_0705,New Zealand,All-Rounder,29
706,Player_0706,New Zealand,Wicketkeeper,28
707,Player_0707,South Africa,All-Rounder,27
708,Player_0708,Bangladesh,Bowler,32
709,Player_0709,Bangladesh,Wicketkeeper,31
710,Player_0710,Bangladesh,Bowler,20
711,Player_0711,Sri Lanka,Batter,21
712,Player_0712,Australia,Batter,25
713,Player_0713,India,Batter,36
714,Player_0714,South Africa,Batter,21
715,Player_0715,Bangladesh,Bowler,28
716,Player_0716,Bangladesh,Wicketkeeper,25
717,Player_0717,England,Wicketkeeper,27
718,Player_0718,South Africa,All-Rounder,35
719,Player_0719,Bangladesh,Bowler,29
720,Player_0720,South Africa,Batter,25
721,Player_0721,Australia,Bowler,32
722,Player_0722,England,All-Rounder,37
723,Player_0723,South Africa,All-Rounder,22
724,Player_0724,India,Bowler,24
725,Player_0725,India,Bowler,28
726,Player_0726,New Zealand,Bowler,25
727,Player_0727,England,Wicketkeeper,31
728,Player_0728,England,Batter,32
729,Player_0729,New Zealand,Bowler,22
730,Player_0730,South Africa,Bowler,26
731,Player_0731,England,Bowler,23
732,Player_0732,India,All-Rounder,19
733,Player_0733,India,All-Rounder,22
734,Player_0734,Bangladesh,Wicketkeeper,21
735,Player_0735,Australia,Batter,27
736,Player_0736,England,Wicketkeeper,26
737,Player_0737,South Africa,Batter,19
738,Player_0738,New Zealand,All-Rounder,24
739,Player_0739,New Zealand,All-Rounder,27
740,Player_0740,South Africa,All-Rounder,25
741,Player_0741,Sri Lanka,Wicketkeeper,22
742,Player_0742,Pakistan,Bowler,31
743,Player_0743,Australia,Bowler,35
744,Player_0744,New Zealand,All-Rounder,20
745,Player_0745,England,Bowler,23
746,Player_0746,Australia,Bowler,30
747,Player_0747,England,Wicketkeeper,26
748,Player_0748,Sri Lanka,Batter,24
749,Player_0749,India,All-Rounder,26
750,Player_0750,Australia,All-Rounder,36
751,Player_0751,Bangladesh,Wicketkeeper,21
752,Player_0752,New Zealand,Wicketkeeper,30
753,Player_0753,Australia,Bowler,21
754,Player_0754,Australia,All-Rounder,24
755,Player_0755,Australia,Batter,20
756,Player_0756,Pakistan,Wicketkeeper,30
757,Player_0757,Australia,Batter,20
758,Player_0758,England,Batter,24
759,Player_0759,India,All-Rounder,35
760,Player_0760,Sri Lanka,All-Rounder,21
761,Player_0761,South Africa,Wicketkeeper,20
762,Player_0762,Australia,All-Rounder,26
763,Player_0763,New Zealand,All-Rounder,30
764,Player_0764,Australia,All-Rounder,22
765,Player_0765,New Zealand,Batter,23
766,Player_0766,England,Wicketkeeper,31
767,Player_0767,New Zealand,Bowler,33
768,Player_0768,Bangladesh,Batter,34
769,Player_0769,South Africa,All-Rounder,28
770,Player_0770,India,Batter,34
771,Player_0771,New Zealand,All-Rounder,30
772,Player_0772,New Zealand,All-Rounder,35
773,Player_0773,India,Batter,34
774,Player_0774,South Africa,Wicketkeeper,30
775,Player_0775,Australia,All-Rounder,26
776,Player_0776,New Zealand,Wicketkeeper,21
777,Player_0777,India,Bowler,34
778,Player_0778,Bangladesh,All-Rounder,31
779,Player_0779,Bangladesh,Wicketkeeper,37
780,Player_0780,England,Wicketkeeper,26
781,Player_0781,India,Bowler,23
782,Player_0782,England,Wicketkeeper,26
783,Player_0783,Bangladesh,Wicketkeeper,30
784,Player_0784,South Africa,Bowler,19
785,Player_0785,Australia,All-Rounder,24
786,Player_0786,India,Wicketkeeper,36
787,Player_0787,Sri Lanka,Wicketkeeper,26
788,Player_0788,Bangladesh,Wicketkeeper,25
789,Player_0789,Bangladesh,Batter,19
790,Player_0790,Sri Lanka,Bowler,34
791,Player_0791,Pakistan,Batter,30
792,Player_0792,Bangladesh,Bowler,24
793,Player_0793,New Zealand,All-Rounder,20
794,Player_0794,South Africa,All-Rounder,32
795,Player_0795,India,Wicketkeeper,22
796,Player_0796,Sri Lanka,Bowler,19
797,Player_0797,New Zealand,All-Rounder,36
798,Player_0798,Sri Lanka,Bowler,31
799,Player_0799,India,All-Rounder,20
800,Player_0800,England,Batter,27
801,Player_0801,India,All-Rounder,20
802,Player_0802,Pakistan,Batter,27
803,Player_0803,India,All-Rounder,19
804,Player_0804,India,Wicketkeeper,29
805,Player_0805,Pakistan,Batter,21
806,Player_0806,South Africa,All-Rounder,22
807,Player_0807,Bangladesh,Wicketkeeper,36
808,Player_0808,India,Batter,24
809,Player_0809,Pakistan,Wicketkeeper,21
810,Player_0810,New Zealand,Bowler,29
811,Player_0811,England,Bowler,33
812,Player_0812,England,Batter,23
813,Player_0813,India,All-Rounder,28
814,Player_0814,South Africa,Batter,30
815,Player_0815,South Africa,Wicketkeeper,33
816,Player_0816,New Zealand,All-Rounder,35
817,Player_0817,India,Bowler,28
818,Player_0818,England,All-Rounder,24
819,Player_0819,South Africa,Bowler,36
820,Player_0820,India,All-Rounder,31
821,Player_0821,Sri Lanka,All-Rounder,21
822,Player_0822,South Africa,All-Rounder,28
823,Player_0823,Pakistan,Wicketkeeper,32
824,Player_0824,Sri Lanka,Wicketkeeper,24
825,Player_0825,Bangladesh,Batter,21
826,Player_0826,South Africa,Batter,34
827,Player_0827,England,Bowler,25
828,Player_0828,Australia,Wicketkeeper,32
829,Player_0829,Sri Lanka,Bowler,27
830,Player_0830,Bangladesh,Batter,33
831,Player_0831,New Zealand,Bowler,21
832,Player_0832,New Zealand,Batter,20
833,Player_0833,England,Wicketkeeper,20
834,Player_0834,South Africa,All-Rounder,21
835,Player_0835,India,Wicketkeeper,36
836,Player_0836,South Africa,Bowler,32
837,Player_0837,England,Bowler,36
838,Player_0838,New Zealand,Wicketkeeper,28
839,Player_0839,South Africa,Wicketkeeper,20
840,Player_0840,New Zealand,Batter,19
841,Player_0841,Sri Lanka,Bowler,22
842,Player_0842,Bangladesh,Bowler,32
843,Player_0843,India,Wicketkeeper,19
844,Player_0844,Sri Lanka,All-Rounder,32
845,Player_0845,New Zealand,Bowler,34
846,Player_0846,New Zealand,All-Rounder,32
847,Player_0847,Australia,Wicketkeeper,21
848,Player_0848,Australia,Wicketkeeper,21
849,Player_0849,Sri Lanka,Batter,27
850,Player_0850,Pakistan,Bowler,24
851,Player_0851,Sri Lanka,All-Rounder,31
852,Player_0852,Australia,Batter,20
853,Player_0853,New Zealand,Bowler,26
854,Player_0854,England,Batter,20
855,Player_0855,Sri Lanka,Wicketkeeper,22
856,Player_0856,New Zealand,Bowler,33
857,Player_0857,England,Batter,22
858,Player_0858,England,Batter,31
859,Player_0859,Australia,All-Rounder,30
860,Player_0860,Sri Lanka,Batter,31
861,Player_0861,South Africa,Bowler,32
862,Player_0862,India,Bowler,36
863,Player_0863,Australia,All-Rounder,24
864,Player_0864,Australia,Bowler,29
865,Player_0865,South Africa,Wicketkeeper,20
866,Player_0866,India,Bowler,37
867,Player_0867,New Zealand,Bowler,37
868,Player_0868,Pakistan,Batter,23
869,Player_0869,Sri Lanka,Batter,37
870,Player_0870,Pakistan,Bowler,20
871,Player_0871,New Zealand,All-Rounder,28
872,Player_0872,Bangladesh,Batter,20
873,Player_0873,Australia,All-Rounder,29
874,Player_0874,India,Bowler,36
875,Player_0875,Australia,Bowler,33
876,Player_0876,England,Wicketkeeper,27
877,Player_0877,Australia,Batter,37
878,Player_0878,Australia,Bowler,27
879,Player_0879,New Zealand,Wicketkeeper,21
880,Player_0880,New Zealand,Batter,27
881,Player_0881,New Zealand,Bowler,32
882,Player_0882,Pakistan,Bowler,37
883,Player_0883,England,Batter,25
884,Player_0884,Bangladesh,Batter,34
885,Player_0885,Bangladesh,Batter,34
886,Player_0886,New Zealand,Bowler,19
887,Player_0887,India,Bowler,22
888,Player_0888,Pakistan,Wicketkeeper,22
889,Player_0889,South Africa,All-Rounder,25
890,Player_0890,India,Batter,26
891,Player_0891,Sri Lanka,Bowler,35
892,Player_0892,Sri Lanka,Bowler,23
893,Player_0893,India,Batter,25
894,Player_0894,New Zealand,All-Rounder,22
895,Player_0895,South Africa,Batter,24
896,Player_0896,South Africa,All-Rounder,25
897,Player_0897,Pakistan,Bowler,36
898,Player_0898,South Africa,All-Rounder,23
899,Player_0899,Sri Lanka,Wicketkeeper,21
900,Player_0900,England,Bowler,25
901,Player_0901,New Zealand,Wicketkeeper,32
902,Player_0902,South Africa,Batter,25
903,Player_0903,Pakistan,Batter,23
904,Player_0904,Sri Lanka,Batter,23
905,Player_0905,England,All-Rounder,20
906,Player_0906,Australia,Bowler,24
907,Player_0907,Australia,Batter,33
908,Player_0908,England,Batter,28
909,Player_0909,Sri Lanka,Bowler,25
910,Player_0910,Pakistan,Batter,23
911,Player_0911,England,Wicketkeeper,19
912,Player_0912,New Zealand,Bowler,31
913,Player_0913,New Zealand,Bowler,36
914,Player_0914,Australia,Bowler,31
915,Player_0915,South Africa,Wicketkeeper,36
916,Player_0916,Pakistan,Bowler,23
917,Player_0917,Australia,Wicketkeeper,31
918,Player_0918,South Africa,Bowler,22
919,Player_0919,South Africa,All-Rounder,35
920,Player_0920,Bangladesh,Batter,21
921,Player_0921,New Zealand,All-Rounder,35
922,Player_0922,Sri Lanka,Batter,29
923,Player_0923,India,Wicketkeeper,22
924,Player_0924,Sri Lanka,All-Rounder,20
925,Player_0925,India,Bowler,34
926,Player_0926,England,Batter,36
927,Player_0927,New Zealand,Batter,26
928,Player_0928,South Africa,All-Rounder,21
929,Player_0929,Pakistan,Wicketkeeper,27
930,Player_0930,India,All-Rounder,24
931,Player_0931,Sri Lanka,Wicketkeeper,28
932,Player_0932,South Africa,Wicketkeeper,28
933,Player_0933,India,Batter,31
934,Player_0934,India,All-Rounder,35
935,Player_0935,Bangladesh,All-Rounder,27
936,Player_0936,India,Wicketkeeper,35
937,Player_0937,Pakistan,All-Rounder,27
938,Player_0938,New Zealand,Bowler,27
939,Player_0939,Pakistan,Bowler,19
940,Player_0940,Australia,All-Rounder,20
941,Player_0941,South Africa,All-Rounder,34
942,Player_0942,New Zealand,Wicketkeeper,19
943,Player_0943,Bangladesh,Bowler,28
944,Player_0944,New Zealand,Bowler,36
945,Player_0945,New Zealand,Batter,26
946,Player_0946,Sri Lanka,Wicketkeeper,29
947,Player_0947,New Zealand,Batter,20
948,Player_0948,Bangladesh,Bowler,26
949,Player_0949,Pakistan,Wicketkeeper,26
950,Player_0950,New Zealand,All-Rounder,35
951,Player_0951,England,Wicketkeeper,33
952,Player_0952,South Africa,All-Rounder,35
953,Player_0953,New Zealand,All-Rounder,31
954,Player_0954,South Africa,Wicketkeeper,37
955,Player_0955,England,All-Rounder,23
956,Player_0956,England,Batter,30
957,Player_0957,South Africa,Bowler,19
958,Player_0958,India,All-Rounder,23
959,Player_0959,Australia,Batter,26
960,Player_0960,Sri Lanka,All-Rounder,31
961,Player_0961,India,Bowler,26
962,Player_0962,India,Batter,29
963,Player_0963,Pakistan,Bowler,19
964,Player_0964,Sri Lanka,Bowler,31
965,Player_0965,Sri Lanka,Batter,37
966,Player_0966,India,Batter,21
967,Player_0967,New Zealand,Batter,35
968,Player_0968,Pakistan,Wicketkeeper,23
969,Player_0969,Pakistan,Batter,26
970,Player_0970,England,Batter,32
971,Player_0971,Bangladesh,Batter,22
972,Player_0972,Sri Lanka,Batter,29
973,Player_0973,India,All-Rounder,33
974,Player_0974,England,Wicketkeeper,37
975,Player_0975,South Africa,Bowler,25
976,Player_0976,Australia,Batter,37
977,Player_0977,Bangladesh,All-Rounder,37
978,Player_0978,Bangladesh,All-Rounder,29
979,Player_0979,Bangladesh,All-Rounder,23
980,Player_0980,Pakistan,Bowler,23
981,Player_0981,South Africa,Batter,26
982,Player_0982,Bangladesh,Wicketkeeper,28
983,Player_0983,South Africa,Wicketkeeper,24
984,Player_0984,New Zealand,All-Rounder,33
985,Player_0985,Bangladesh,Bowler,34
986,Player_0986,Australia,Bowler,35
987,Player_0987,South Africa,Bowler,26
988,Player_0988,South Africa,Wicketkeeper,26
989,Player_0989,Australia,All-Rounder,27
990,Player_0990,Bangladesh,Batter,20
991,Player_0991,Australia,Wicketkeeper,33
992,Player_0992,South Africa,All-Rounder,36
993,Player_0993,Australia,All-Rounder,21
994,Player_0994,South Africa,Batter,35
995,Player_0995,South Africa,Batter,22
996,Player_0996,New Zealand,Batter,22
997,Player_0997,India,Bowler,32
998,Player_0998,South Africa,Batter,27
999,Player_0999,Bangladesh,All-Rounder,27
1000,Player_1000,England,Batter,36
